[{ "id": "Welcome", "parent" : "#", "text": "Welcome", "a_attr": {"href": "Welcome.html"}  },{ "id": "GettingStarted", "parent" : "#", "text": "Getting Started", "a_attr": {"href": "GettingStarted.html"}  },{ "id": "ChoosingParameters", "parent" : "#", "text": "Choosing Parameters", "a_attr": {"href": "ChoosingParameters.html"}  },{ "id": "EditingParameterValues", "parent" : "#", "text": "Editing Parameter Values", "a_attr": {"href": "EditingParameterValues.html"}  },{ "id": "EditingOverview", "parent" : "EditingParameterValues", "text": "Editing Overview", "a_attr": {"href": "EditingOverview.html"}  },{ "id": "Toolbar", "parent" : "EditingParameterValues", "text": "Toolbar", "a_attr": {"href": "Toolbar.html"}  },{ "id": "GridPanel", "parent" : "EditingParameterValues", "text": "Grid Panel", "a_attr": {"href": "GridPanel.html"}  },{ "id": "FAQ", "parent" : "#", "text": "FAQ", "a_attr": {"href": "FAQ.html"}  },{ "id": "ContactingUs", "parent" : "#", "text": "Contacting Us", "a_attr": {"href": "ContactingUs.html"}  },{ "id": "Changeslog", "parent" : "#", "text": "Changes log", "a_attr": {"href": "Changeslog.html"}  }]